{
  "framework": "vite",
  "buildCommand": "npm run build",
  "outputDirectory": "dist",
  "installCommand": "npm install",
  "devCommand": "npm run dev",
  "rewrites": [
    {
      "source": "/(.*)",
      "destination": "/index.html"
    }
  ],
  "headers": [
    {
      "source": "/api/(.*)",
      "headers": [
        {
          "key": "Access-Control-Allow-Origin",
          "value": "*"
        },
        {
          "key": "Access-Control-Allow-Methods",
          "value": "GET, POST, PUT, DELETE, OPTIONS"
        },
        {
          "key": "Access-Control-Allow-Headers",
          "value": "Content-Type, Authorization"
        }
      ]
    }
  ],
  "env": {
    "VITE_API_BASE_URL": "@vite_api_base_url",
    "VITE_APP_NAME": "@vite_app_name",
    "VITE_NODE_ENV": "production"
  }
}

