{
  "$schema": "https://railway.app/railway.schema.json",
  "build": {
    "builder": "NIXPACKS",
    "buildCommand": "pip install -r requirements.txt",
    "startCommand": "gunicorn -w 4 -b 0.0.0.0:$PORT src.main:app"
  },
  "deploy": {
    "numReplicas": 1,
    "sleepApplication": false,
    "restartPolicyType": "ON_FAILURE"
  },
  "environments": {
    "production": {
      "variables": {
        "FLASK_ENV": "production",
        "PORT": "${{RAILWAY_PORT}}",
        "DATABASE_URL": "${{DATABASE_URL}}",
        "SUPABASE_URL": "${{SUPABASE_URL}}",
        "SUPABASE_ANON_KEY": "${{SUPABASE_ANON_KEY}}",
        "RUNPOD_API_KEY": "${{RUNPOD_API_KEY}}",
        "RUNPOD_ENDPOINT_ID": "${{RUNPOD_ENDPOINT_ID}}",
        "REDIS_URL": "${{REDIS_URL}}",
        "SECRET_KEY": "${{SECRET_KEY}}",
        "WEBHOOK_SECRET": "${{WEBHOOK_SECRET}}"
      }
    }
  }
}

